Workbook

Sheet Buildings
A1: Agency | B1: Site / Building | C1: Address | D1: Borough | E1: ZIP | F1: Council District | G1: Gross Sq Ft | H1: Roof Condition | I1: Roof Age | J1: Solar Status | K1: Other Sustainability Projects | L1: Disadvantaged Community | M1: Latest LL24 Report Yr | N1: BIN | O1: BBL | P1: Lat | Q1: Long
A2: ACS | B2: Children Pride Early Learning Center | C2: 800 Concourse Village East | D2: Bronx | E2: 10451 | F2: 1 | G2: 436836 | H2: Poor | I2: 20 years or more | J2: Not Solar-Ready | L2: No | M2: 2024 | N2: 2001910 | O2: 2024200040 | P2: 40.82388 | Q2: -73.919379
A3: ACS | B3: Crossroads Juvenile Center | C3: 17 Bristol St | D3: Brooklyn | E3: 11212 | F3: 41 | G3: 105223 | H3: Between Good and Fair | I3: 20 years or more | J3: Not Solar-Ready | L3: Yes | M3: 2024 | N3: 3378202 | O3: 3034980008 | P3: 40.670746 | Q3: -73.912932
A4: ACS | B4: Chinese Community Concern Parents | C4: 180 Mott St | D4: Manhattan | E4: 10012 | F4: 17 | G4: 97095 | H4: Fair | I4: 20 years or more | J4: Not Solar-Ready | L4: Yes | M4: 2024 | N4: 1007156 | O4: 1004790001 | P4: 40.720558 | Q4: -73.995873
A5: ACS | B5: Blanche Community Progress Day Care Center 2 | C5: 44-22 Beach Channel Dr | D5: Queens | E5: 11691 | F5: 31 | G5: 27700 | H5: Between Fair and Poor | I5: 20 years or more | J5: Not Solar-Ready | L5: Yes | M5: 2024 | N5: 4463476 | O5: 4159670001 | P5: 40.59566 | Q5: -73.775979
A6: ACS | B6: Horizon Juvenile Center | C6: 560 Brook Ave | D6: Bronx | E6: 10455 | F6: 16 | G6: 20160 | H6: Between Good and Fair | I6: 20 years or more | J6: Not Solar-Ready | L6: Yes | M6: 2024 | N6: 2000133 | O6: 2022760001 | P6: 40.815878 | Q6: -73.914404
A7: ACS | B7: La Peninsula Head Start Program | C7: 1054 Intervale Ave | D7: Bronx | E7: 10459 | F7: 17 | G7: 20000 | H7: Between Good and Fair | I7: 20 years or more | J7: Not Solar-Ready | L7: Yes | M7: 2024 | N7: 2005481 | O7: 2027050009 | P7: 40.824823 | Q7: -73.896839
A8: ACS | B8: Blanche Day Care Center | C8: 109-60 202nd St | D8: Queens | E8: 11412 | F8: 27 | G8: 17590 | H8: Good | I8: 20 years or more | J8: Not Solar-Ready | L8: No | M8: 2024 | N8: 4234212 | O8: 4109410206 | P8: 40.706083 | Q8: -73.755417
A9: ACS | B9: ACS Administrative Site | C9: 150 William St | D9: Manhattan | E9: 10038 | F9: 33 | G9: 12685 | H9: Unknown | I9: 20 years or more | J9: Not Solar-Ready | L9: Yes | M9: 2024 | N9: 1001280 | O9: 1000930001 | P9: 40.709729 | Q9: -74.006255
A10: ACS | B10: Episcopal Social Services of NY (Space) | C10: 528 East 146th St | D10: Bronx | E10: 10455 | F10: 8 | H10: Unknown | I10: Unknown | J10: Not Solar-Ready | K10: No | L10: Yes | M10: 2022 | N10: 2093913 | O10: 2022720038 | P10: 40.812728 | Q10: -73.915397
A11: ACS | B11: 1250 East 229 Street | C11: 1250 East 229 St | D11: Bronx | E11: 10466 | F11: 12 | H11: Good | I11: Unknown | J11: Not Solar-Ready | K11: No | L11: Yes | M11: 2022 | N11: 2097408 | O11: 2049050002 | P11: 40.88372 | Q11: -73.842046
A12: ACS | B12: Babove Worldwide Institute Inc. | C12: 1810 Davidson Ave | D12: Bronx | E12: 10453 | F12: 14 | H12: Poor | I12: Unknown | J12: Not Solar-Ready | K12: No | L12: Yes | M12: 2022 | N12: 2109470 | O12: 2028610129 | P12: 40.849425 | Q12: -73.912268
A13: ACS | B13: Labor and Industry for Education Inc. | C13: 1375 Bushwick Ave | D13: Brooklyn | E13: 11207 | F13: 37 | H13: Poor | I13: Unknown | J13: Not Solar-Ready | K13: No | L13: Yes | M13: 2022 | N13: 3079655 | O13: 3034330005 | P13: 40.685173 | Q13: -73.910526
A14: ACS | B14: P.A.L. Miccio Day Care Center | C14: 595 Clinton Ave | D14: Brooklyn | F14: 38 | H14: Unknown | I14: Unknown | J14: Not Solar-Ready | K14: No | L14: Yes | M14: 2022
A15: ACS | B15: Friends of Crown Heights Educatiol Center | C15: 668 Logan St | D15: Brooklyn | E15: 11208 | F15: 42 | H15: Unknown | I15: Unknown | J15: Not Solar-Ready | K15: No | L15: Yes | M15: 2022 | N15: 3098472 | O15: 3044570001 | P15: 40.669503 | Q15: -73.874884
A16: ACS | B16: Childrens Aide Society Inc. | C16: 159 Broadway | D16: Staten Island | E16: 10310 | F16: 49 | H16: Poor | I16: Unknown | J16: Not Solar-Ready | K16: No | L16: Yes | M16: 2022 | N16: 5004830 | O16: 5001740006 | P16: 40.637531 | Q16: -74.117594
A17: BPL | B17: Central Library and Learning Center | C17: 10 Grand Army Plz | D17: Brooklyn | E17: 11238 | F17: 35 | G17: 352745 | H17: Between Good and Fair | I17: 20 years or more | J17: Solar-Ready | L17: No | M17: 2024 | N17: 3029665 | O17: 3011830002 | P17: 40.672833 | Q17: -73.969069
A18: BPL | B18: Brooklyn Heights Branch and Business Library | C18: 280 Cadman Plaza West | D18: Brooklyn | E18: 11201 | F18: 33 | G18: 62917 | H18: Good | I18: 2 to 4 years | J18: Not Solar-Ready | L18: No | M18: 2024 | N18: 3421378 | O18: 3002397501 | P18: 40.695649 | Q18: -73.991006
A19: BPL | B19: New Lots Branch Library | C19: 655 New Lots Ave | D19: Brooklyn | E19: 11207 | F19: 42 | G19: 24558 | H19: Poor | I19: 20 years or more | J19: Not Solar-Ready | L19: Yes | M19: 2024 | N19: 3090726 | O19: 3040900001 | P19: 40.664958 | Q19: -73.886017
A20: BPL | B20: Williamsburg Branch Library | C20: 240 Division Ave | D20: Brooklyn | E20: 11211 | F20: 33 | G20: 24118 | H20: Good | I20: 20 years or more | J20: Not Solar-Ready | L20: Yes | M20: 2024 | N20: 3060090 | O20: 3021890001 | P20: 40.707147 | Q20: -73.957335
A21: BPL | B21: Brooklyn Historical Society | C21: 128 Pierrepont St | D21: Brooklyn | E21: 11201 | F21: 33 | G21: 23545 | H21: Unknown | I21: Unknown | J21: Not Solar-Ready | L21: No | M21: 2024 | N21: 3002006 | O21: 3002430047 | P21: 40.69502 | Q21: -73.992387
A22: BPL | B22: New Utrecht Branch Library | C22: 1743 86th St | D22: Brooklyn | E22: 11214 | F22: 38 | G22: 22557 | H22: Good | I22: 20 years or more | J22: Not Solar-Ready | L22: No | M22: 2024 | N22: 3165745 | O22: 3063430064 | P22: 40.607852 | Q22: -74.003616
A23: BPL | B23: Flatbush Branch Library and Learning Center | C23: 22 Linden Blvd | D23: Brooklyn | E23: 11226 | F23: 40 | G23: 21790 | H23: Good | I23: 20 years or more | J23: Solar-Ready | L23: No | M23: 2024 | N23: 3116706 | O23: 3050860015 | P23: 40.652192 | Q23: -73.958177
A24: BPL | B24: Mapleton Branch Library | C24: 1703 60th St | D24: Brooklyn | E24: 11204 | F24: 44 | G24: 19821 | H24: Poor | I24: 20 years or more | J24: Not Solar-Ready | L24: No | M24: 2024 | P24: 40.623156 | Q24: -73.989114
A25: BPL | B25: Borough Park Branch Library | C25: 1265 43rd St | D25: Brooklyn | E25: 11219 | F25: 44 | G25: 19594 | H25: Good | I25: 20 years or more | J25: Not Solar-Ready | L25: No | M25: 2024 | N25: 3135907 | O25: 3055980048 | P25: 40.638914 | Q25: -73.989479
A26: BPL | B26: Kensington Branch Library | C26: 4207 18th Ave | D26: Brooklyn | E26: 11218 | F26: 40 | G26: 18300 | H26: Good | I26: 20 years or more | J26: Solar-Ready | L26: Yes | M26: 2024 | N26: 3416544 | O26: 3054160014 | P26: 40.631493 | Q26: -73.97557
A27: BPL | B27: Bedford Branch Library and Learning Center | C27: 496 Franklin Ave | D27: Brooklyn | E27: 11238 | F27: 36 | G27: 17184 | H27: Good | I27: 10 to 14 years | J27: Not Solar-Ready | L27: No | M27: 2024 | N27: 3057384 | O27: 3019970032 | P27: 40.681656 | Q27: -73.955786
A28: BPL | B28: Bay Ridge Branch Library | C28: 7223 Ridge Blvd | D28: Brooklyn | E28: 11209 | F28: 47 | G28: 16506 | H28: Good | I28: 20 years or more | J28: Not Solar-Ready | L28: No | M28: 2024 | N28: 3147279 | O28: 3059070001 | P28: 40.633942 | Q28: -74.029709
A29: BPL | B29: Arlington Branch Library | C29: 203 Arlington Ave | D29: Brooklyn | E29: 11207 | F29: 37 | G29: 16385 | H29: Good | I29: 5 to 9 years | J29: Not Solar-Ready | L29: Yes | M29: 2024 | N29: 3087001 | O29: 3039230052 | P29: 40.680475 | Q29: -73.887216
A30: BPL | B30: Eastern Parkway Branch Library and Learning Center | C30: 1044 Eastern Pkwy | D30: Brooklyn | E30: 11213 | F30: 35 | G30: 16024 | H30: Unknown | I30: 5 to 9 years | J30: Solar-Ready | L30: Yes | M30: 2024 | N30: 3037543 | O30: 3013960006 | P30: 40.668918 | Q30: -73.933427
A31: BPL | B31: Park Slope Branch Library | C31: 431 6th Ave | D31: Brooklyn | E31: 11215 | F31: 39 | G31: 15868 | H31: Good | I31: 5 to 9 years | J31: Not Solar-Ready | L31: No | M31: 2024 | N31: 3022144 | O31: 3010060001 | P31: 40.668422 | Q31: -73.983606
A32: BPL | B32: Pacific Branch Library | C32: 25 4th Ave | D32: Brooklyn | E32: 11217 | F32: 39 | G32: 15758 | H32: Good | I32: Unknown | J32: Not Solar-Ready | L32: No | M32: 2024 | N32: 3018376 | O32: 3009280006 | P32: 40.683666 | Q32: -73.978814
A33: BPL | B33: Midwood Branch Library | C33: 975 East 16th St | D33: Brooklyn | E33: 11230 | F33: 44 | G33: 15210 | H33: Good | I33: 20 years or more | J33: Not Solar-Ready | L33: No | M33: 2024 | N33: 3179706 | O33: 3067090054 | P33: 40.626054 | Q33: -73.9606
A34: BPL | B34: Kings Bay Branch Library | C34: 3651 Nostrand Ave | D34: Brooklyn | E34: 11229 | F34: 48 | G34: 14885 | H34: Between Fair and Poor | I34: 20 years or more | J34: Not Solar-Ready | L34: No | M34: 2024 | N34: 3344555 | O34: 3074051001 | P34: 40.59479 | Q34: -73.940789
A35: BPL | B35: Carroll Gardens Branch Library | C35: 396 Clinton St | D35: Brooklyn | E35: 11231 | F35: 39 | G35: 14779 | H35: Fair | I35: 20 years or more | J35: Not Solar-Ready | K35: Cool Roof | L35: No | M35: 2024 | N35: 3004336 | O35: 3003380033 | P35: 40.683265 | Q35: -73.997739
A36: BPL | B36: Stone Avenue Branch Library | C36: 581 Mother Gaston Blvd | D36: Brooklyn | E36: 11212 | F36: 41 | G36: 14258 | H36: Good | I36: 20 years or more | J36: Not Solar-Ready | L36: Yes | M36: 2024 | N36: 3084596 | O36: 3037940018 | P36: 40.664531 | Q36: -73.905532
A37: BPL | B37: DeKalb Branch Library | C37: 790 Bushwick Ave | D37: Brooklyn | E37: 11221 | F37: 34 | G37: 12584 | H37: Good | I37: 5 to 9 years | J37: Not Solar-Ready | L37: Yes | M37: 2024 | N37: 3073751 | O37: 3032410018 | P37: 40.695042 | Q37: -73.92815
A38: BPL | B38: East Flatbush Branch Library | C38: 9612 Church Ave | D38: Brooklyn | E38: 11212 | F38: 42 | G38: 12329 | H38: Good | I38: 2 to 4 years | J38: Not Solar-Ready | L38: Yes | M38: 2024 | N38: 3103597 | O38: 3047170038 | P38: 40.655816 | Q38: -73.915258
A39: BPL | B39: Brighton Beach Branch Library | C39: 16 Brighton 1st Rd | D39: Brooklyn | E39: 11235 | F39: 48 | G39: 12166 | H39: Good | I39: 5 to 9 years | J39: Not Solar-Ready | L39: No | M39: 2024 | N39: 3245028 | O39: 3086800032 | P39: 40.576172 | Q39: -73.966475
A40: BPL | B40: Flatlands Branch Library | C40: 2065 Flatbush Ave | D40: Brooklyn | E40: 11234 | F40: 45 | G40: 11903 | H40: Good | I40: 2 to 4 years | J40: Solar-Ready | K40: Cool Roof | L40: No | M40: 2024 | N40: 3219626 | O40: 3078680039 | P40: 40.619465 | Q40: -73.933404
A41: BPL | B41: Crown Heights Branch Library | C41: 560 New York Ave | D41: Brooklyn | E41: 11225 | F41: 40 | G41: 11119 | H41: Between Fair and Poor | I41: 20 years or more | J41: Not Solar-Ready | L41: No | M41: 2024 | N41: 3106505 | O41: 3047910046 | P41: 40.661116 | Q41: -73.947773
A42: BPL | B42: Brownsville Branch Library | C42: 61 Glenmore Ave | D42: Brooklyn | E42: 11212 | F42: 41 | G42: 10838 | H42: Good | I42: 10 to 14 years | J42: Not Solar-Ready | L42: Yes | M42: 2024 | N42: 3080669 | O42: 3034890150 | P42: 40.671324 | Q42: -73.908634
A43: BPL | B43: Bushwick Branch Library | C43: 340 Bushwick Ave | D43: Brooklyn | E43: 11206 | F43: 34 | G43: 10757 | H43: Unknown | I43: Unknown | J43: Not Solar-Ready | L43: Yes | M43: 2024 | N43: 3071470 | O43: 3030980019 | P43: 40.704737 | Q43: -73.93927
A44: BPL | B44: Leonard Branch Library | C44: 82 Devoe St | D44: Brooklyn | E44: 11211 | F44: 34 | G44: 10699 | H44: Good | I44: Less than 2 years | J44: Solar-Ready | L44: No | M44: 2024 | N44: 3322945 | O44: 3027680017 | P44: 40.713412 | Q44: -73.948179
A45: BPL | B45: Macon Branch Library | C45: 361 Lewis Ave | D45: Brooklyn | E45: 11233 | F45: 36 | G45: 10540 | H45: Between Fair and Poor | I45: Unknown | J45: Not Solar-Ready | L45: Yes | M45: 2024 | N45: 3046408 | O45: 3016650001 | P45: 40.683161 | Q45: -73.935075
A46: BPL | B46: Dyker Branch Library | C46: 8202 13th Ave | D46: Brooklyn | E46: 11228 | F46: 50 | G46: 10521 | H46: Good | I46: 5 to 9 years | J46: Solar-Ready | L46: No | M46: 2024 | N46: 3164019 | O46: 3063020036 | P46: 40.616258 | Q46: -74.011649
A47: BPL | B47: Saratoga Branch Library | C47: 8 Thomas S Boyland St | D47: Brooklyn | E47: 11233 | F47: 41 | G47: 10040 | H47: Good | I47: Unknown | J47: Not Solar-Ready | L47: Yes | M47: 2024 | N47: 3040218 | O47: 3014980035 | P47: 40.68496 | Q47: -73.9149
A48: BPL | B48: Gerritsen Beach Branch Library | C48: 2808 Gerritsen Ave | D48: Brooklyn | E48: 11229 | F48: 46 | J48: Completed | L48: No | M48: 2024 | N48: 3343823 | O48: 3089230920 | P48: 40.591563 | Q48: -73.923725
A49: BPL | B49: Kings Highway Branch Library | C49: 2115 Ocean Ave | D49: Brooklyn | E49: 11229 | F49: 48 | J49: Completed | L49: No | M49: 2024 | N49: 3182576 | O49: 3067830068 | P49: 40.610054 | Q49: -73.953417
A50: BPL | B50: Mill Basin Branch Library | C50: 2385 Ralph Ave | D50: Brooklyn | E50: 11234 | F50: 46 | J50: Completed | L50: No | M50: 2024 | N50: 3235910 | O50: 3083630009 | P50: 40.620025 | Q50: -73.917302
A51: BPL | B51: Coney Island Branch Library and Learning Ctr. | C51: 1901 Mermaid Ave | D51: Brooklyn | E51: 11224 | F51: 47 | J51: Completed | L51: Yes | M51: 2024 | N51: 3189001 | O51: 3070190043 | P51: 40.576502 | Q51: -73.985993
A52: BPL | B52: Greenpoint Branch Library | C52: 107 Norman Ave | D52: Brooklyn | E52: 11222 | F52: 33 | J52: Completed | L52: Yes | M52: 2024 | N52: 3426639 | O52: 3026210032 | P52: 40.72577 | Q52: -73.950753
A53: BPL | B53: Sunset Park Branch Library | C53: 5108 4th Ave | D53: Brooklyn | E53: 11220 | F53: 38 | H53: Between Fair and Poor | I53: 15 to 19 years | J53: Not Solar-Ready | K53: No | L53: Yes | M53: 2022 | N53: 3013507 | O53: 3007980034 | P53: 40.6458 | Q53: -74.01329
A54: CIG | B54: Metropolitan Museum of Art Offices | C54: 6 East 82nd St, New York, NY 10028 | D54: Manhattan | E54: 10028 | F54: 4 | G54: 13457 | H54: Between Fair and Poor | I54: 20 years or more | J54: Not Solar-Ready | L54: No | M54: 2024 | N54: 1046688 | O54: 1014930166 | P54: 40.778765 | Q54: -73.961896
A55: CIG > BKM | B55: Brooklyn Museum | C55: 200 Eastern Pkwy | D55: Brooklyn | E55: 11238 | F55: 35 | J55: In Progress | L55: No | M55: 2024 | N55: 3029667 | O55: 3011830026 | P55: 40.671835 | Q55: -73.963042
A56: CIG > LCPA | B56: David H. Koch Theater | C56: 20 Lincoln Ctr | D56: Manhattan | E56: 10023 | F56: 6 | J56: In Progress | L56: No | M56: 2024 | N56: 1028831 | O56: 1011340005 | P56: 40.771414 | Q56: -73.983201
A57: CIG > QBG | B57: Education Building | C57: 43-50 Main St | D57: Queens | E57: 11355 | F57: 20 | J57: In Progress | L57: No | M57: 2024 | N57: 4439682 | O57: 4051070200 | P57: 40.751508 | Q57: -73.826092
A58: CUNY | B58: LaGuardia CC: C - Center 3 Building | C58: 29-10 Thomson Ave | D58: Queens | E58: 11101 | F58: 26 | G58: 858680 | H58: Between Good and Fair | I58: 20 years or more | J58: Not Solar-Ready | L58: No | M58: 2024 | N58: 4003516 | O58: 4002730001 | P58: 40.745216 | Q58: -73.937602
A59: CUNY | B59: BMCC: Fiterman Hall | C59: 245 Greenwich St | D59: Manhattan | E59: 10007 | F59: 1 | G59: 397737 | H59: Good | I59: 20 years or more | J59: Not Solar-Ready | L59: No | M59: 2024 | N59: 1088292 | O59: 1001270001 | P59: 40.714066 | Q59: -74.011586
A60: CUNY | B60: LaGuardia CC: E - E Building | C60: 31-40 Thomson Ave | D60: Queens | E60: 11101 | F60: 26 | G60: 380286 | H60: Good | I60: 20 years or more | J60: Solar-Ready | L60: Yes | M60: 2024 | N60: 4003535 | O60: 4002790001 | P60: 40.744803 | Q60: -73.934239
A61: CUNY | B61: NYCCT: Academic Complex | C61: 285 Jay St | D61: Brooklyn | E61: 11201 | F61: 33 | G61: 367273 | H61: Good | I61: 5 to 9 years | J61: Solar-Ready | L61: Yes | M61: 2024 | N61: 3414138 | O61: 3001310001 | P61: 40.695555 | Q61: -73.987119
A62: CUNY | B62: LaGuardia CC: M - Joseph Shenker Hall | C62: 31-10 Thomson Ave | D62: Queens | E62: 11101 | F62: 26 | G62: 282285 | H62: Poor | I62: Unknown | J62: Not Solar-Ready | L62: Yes | M62: 2024 | N62: 4003534 | O62: 4002780001 | P62: 40.744902 | Q62: -73.935022
A63: CUNY | B63: Hostos CC: East Academic Complex - C | C63: 450 Grand Concourse | D63: Bronx | E63: 10451 | F63: 17 | G63: 268109 | H63: Unknown | I63: Unknown | J63: Not Solar-Ready | L63: Yes | M63: 2024 | N63: 2090411 | O63: 2023430014 | P63: 40.817315 | Q63: -73.927859
A64: CUNY | B64: Bronx CC: Meister Hall | C64: 161 West 180th St | D64: Bronx | E64: 10453 | F64: 14 | G64: 241234 | H64: Poor | I64: Unknown | J64: Not Solar-Ready | L64: No | M64: 2024 | N64: 2014900 | O64: 2032220620 | P64: 40.856172 | Q64: -73.913083
A65: CUNY | B65: Kingsborough CC: Marine and Academic Center | C65: 2110 Oriental Blvd | D65: Brooklyn | E65: 11235 | F65: 48 | G65: 204184 | H65: Poor | I65: Unknown | J65: Not Solar-Ready | L65: No | M65: 2024 | N65: 3326935 | O65: 3087600060 | P65: 40.578092 | Q65: -73.933165
A66: CUNY | B66: LaGuardia CC: B - B Building | C66: 30-20 Thomson Ave | D66: Queens | E66: 11101 | F66: 26 | G66: 199787 | H66: Unknown | I66: Unknown | J66: Not Solar-Ready | L66: Yes | M66: 2024 | N66: 4003517 | O66: 4002740001 | P66: 40.745095 | Q66: -73.936635
A67: CUNY | B67: Hostos CC: Allied Health and Sciences Building - A | C67: 475 Grand Concourse | D67: Bronx | E67: 10451 | F67: 17 | G67: 193554 | H67: Poor | I67: Unknown | J67: Not Solar-Ready | L67: Yes | M67: 2024 | N67: 2001038 | O67: 2023460029 | P67: 40.817954 | Q67: -73.927599
A68: CUNY | B68: Queensborough CC: Science Building | C68: 222-15 56th Ave | D68: Queens | E68: 11364 | F68: 23 | G68: 186006 | H68: Good | I68: 20 years or more | J68: Solar-Ready | L68: No | M68: 2024 | N68: 4439434 | O68: 4074900002 | P68: 40.753937 | Q68: -73.756454
A69: CUNY | B69: Queensborough CC: Humanities Building | C69: 222-25 56th Ave | D69: Queens | E69: 11364 | F69: 23 | G69: 164624 | H69: Poor | I69: 20 years or more | J69: Not Solar-Ready | L69: No | M69: 2024 | N69: 4439431 | O69: 4074900002 | P69: 40.75394 | Q69: -73.756443
... A91: CUNY | B91: Bronx CC: EOC - Bathgate Industrial Park | C91: 1666 Bathgate Ave | D91: Bronx | E91: 10457 | F91: 15 | G91: 49040 | H91: Unknown | I91: Unknown | J91: Not Solar-Ready | L91: Yes | M91: 2024 | N91: 2086675 | O91: 2029200002 | P91: 40.840948 | Q91: -73.900334
A92: CUNY | B92: Hostos CC: Savoy Building D | C92: 120 East 149th St | D92: Bronx | E92: 10451 | F92: 17 | G92: 43078 | H92: Good | I92: 20 years or more | J92: Not Solar-Ready | K92: Green Roof | L92: Yes | M92: 2024 | N92: 2001091 | O92: 2023500039 | P92: 40.819014 | Q92: -73.929082
A93: CUNY | B93: Queensborough CC: Cafeteria / Student Union Building | C93: 221-35 56th Ave | D93: Queens | E93: 11364 | F93: 23 | G93: 42185 | H93: Poor | I93: 20 years or more | J93: Not Solar-Ready | L93: No | M93: 2024 | N93: 4439436 | O93: 4074900002 | P93: 40.753629 | Q93: -73.757491
A94: CUNY | B94: Kingsborough CC: Regina S Peruggi Academic Center | C94: 1915 Oriental Blvd | D94: Brooklyn | E94: 11235 | F94: 48 | G94: 42008 | H94: Unknown | I94: Unknown | J94: Not Solar-Ready | L94: No | M94: 2024 | N94: 3326936 | O94: 3087600060 | P94: 40.578497 | Q94: -73.935321
A95: CUNY | B95: Bronx CC: Gould Hall | C95: 2151 University Ave | D95: Bronx | E95: 10453 | F95: 14 | G95: 41365 | H95: Poor | I95: Unknown | J95: Not Solar-Ready | L95: No | M95: 2024 | N95: 2100248 | O95: 2032220062 | P95: 40.857369 | Q95: -73.909705
A96: CUNY | B96: Bronx CC: New Hall | C96: 135 West 180th St | D96: Bronx | E96: 10453 | F96: 14 | G96: 40411 | H96: Good | I96: 5 to 9 years | J96: Solar-Ready | L96: No | M96: 2024 | N96: 2100250 | O96: 2032220062 | P96: 40.856172 | Q96: -73.913083
A97: CUNY | B97: Kingsborough CC: Temporary Building #2 | C97: 2065 Oriental Blvd | D97: Brooklyn | E97: 11235 | F97: 48 | G97: 36164 | H97: Poor | I97: Unknown | J97: Not Solar-Ready | L97: No | M97: 2024 | N97: 3397338 | O97: 3087600060 | P97: 40.578106 | Q97: -73.933388
A98: CUNY | B98: Kingsborough CC: West Academic Cluster - Wing F | C98: 1950 Oriental Blvd | D98: Brooklyn | E98: 11235 | F98: 48 | G98: 35986 | H98: Poor | I98: Unknown | J98: Not Solar-Ready | L98: No | M98: 2024 | N98: 3347724 | O98: 3087600060 | P98: 40.578497 | Q98: -73.9349
A99: CUNY | B99: Patterson Reserve Center | C99: 2185 Loring Pl North | D99: Bronx | E99: 10453 | F99: 14 | G99: 33695 | H99: Unknown | I99: Unknown | J99: Not Solar-Ready | L99: Yes | M99: 2024 | N99: 2119433 | O99: 2032230050 | P99: 40.85897 | Q99: -73.910733
A100: CUNY | B100: Bronx CC: Bliss Hall | C100: 145 West 180th St | D100: Bronx | E100: 10453 | F100: 14 | G100: 31075 | H100: Between Fair and Poor | I100: Unknown | J100: Not Solar-Ready | L100: No | M100: 2024 | N100: 2100252 | O100: 2032220062 | P100: 40.856172 | Q100: -73.913083
A101: CUNY | B101: Queensborough CC: Technology Building | C101: 221-25 56th Ave | D101: Queens | E101: 11364 | F101: 23 | G101: 30549 | H101: Good | I101: 20 years or more | J101: Not Solar-Ready | L101: No | M101: 2024 | N101: 4439432 | O101: 4074900002 | P101: 40.753629 | Q101: -73.757491
A102: CUNY | B102: Bronx CC: Sage Hall | C102: 175 West 180th St | D102: Bronx | E102: 10453 | F102: 14 | G102: 28711 | H102: Good | I102: 20 years or more | J102: Not Solar-Ready | L102: No | M102: 2024 | N102: 2100254 | O102: 2032220062 | P102: 40.856332 | Q102: -73.91412
A103: CUNY | B103: Queensborough CC: Service Building | C103: 221-03 56th Ave | D103: Queens | E103: 11364 | F103: 23 | G103: 26441 | H103: Poor | I103: 20 years or more | J103: Not Solar-Ready | L103: No | M103: 2024 | N103: 4539247 | O103: 4074900002 | P103: 40.753629 | Q103: -73.757491
A104: CUNY | B104: Kingsborough CC: Temporary Building #7 | C104: 2131 Oriental Blvd | D104: Brooklyn | E104: 11235 | F104: 48 | G104: 25135 | H104: Between Fair and Poor | I104: Unknown | J104: Not Solar-Ready | L104: No | M104: 2024 | N104: 3397343 | O104: 3087600060 | P104: 40.578127 | Q104: -73.932232
... A116: CUNY | B116: Bronx CC: MacCracken Hall | C116: 181 Hall of Fame Ter | D116: Bronx | E116: 10453 | F116: 14 | G116: 16024 | H116: Good | I116: 5 to 9 years | J116: Not Solar-Ready | L116: Yes | M116: 2024 | N116: 2090982 | O116: 2032230050 | P116: 40.859339 | Q116: -73.912461
A117: CUNY | B117: East Building | C117: 2185 Loring Pl North | D117: Queens | F117: 23 | G117: 14634 | H117: Between Fair and Poor | I117: Unknown | J117: Not Solar-Ready | L117: No | M117: 2024
A118: CUNY | B118: Guttman - 42nd Street | C118: 11 West 42nd St | D118: Manhattan | E118: 10036 | F118: 4 | G118: 14001 | H118: Unknown | I118: Unknown | J118: Not Solar-Ready | L118: Yes | M118: 2024 | N118: 1034198 | O118: 1012580021 | P118: 40.75379 | Q118: -73.981599
A119: CUNY | B119: Bronx CC: Butler Hall | C119: 2018 Sedgwick Ave | D119: Bronx | E119: 10453 | F119: 14 | G119: 13531 | H119: Poor | I119: Unknown | J119: Not Solar-Ready | L119: No | M119: 2024 | N119: 2100242 | O119: 2032220062 | P119: 40.858142 | Q119: -73.915831
A120: CUNY | B120: Bronx CC: The Children's Center | C120: 2010 Sedgwick Ave | D120: Bronx | E120: 10453 | F120: 14 | G120: 13327 | H120: Between Fair and Poor | I120: 15 to 19 years | J120: Not Solar-Ready | L120: No | M120: 2024 | N120: 2116208 | O120: 2032220062 | P120: 40.857528 | Q120: -73.915966
A121: CUNY | B121: Hostos CC: Administration Building - G | C121: 135 East 146th St | D121: Bronx | E121: 10451 | F121: 17 | G121: 13178 | H121: Poor | I121: Unknown | J121: Not Solar-Ready | L121: Yes | M121: 2024 | N121: 2001088 | O121: 2023500024 | P121: 40.817483 | Q121: -73.928943
A122: CUNY | B122: Queensborough CC: Y2 Building | C122: 222-09 56th Ave | D122: Queens | E122: 11364 | F122: 23 | G122: 12850 | H122: Between Fair and Poor | I122: 20 years or more | J122: Not Solar-Ready | L122: No | M122: 2024 | N122: 4539248 | O122: 4074900002 | P122: 40.753934 | Q122: -73.756465
A123: CUNY | B123: Bronx CC: Havemeyer Lab | C123: 185 West 180th St | D123: Bronx | E123: 10453 | F123: 14 | G123: 12121 | H123: Good | I123: 5 to 9 years | J123: Not Solar-Ready | L123: No | M123: 2024 | N123: 2100256 | O123: 2032220062 | P123: 40.856382 | Q123: -73.91442
A124: CUNY | B124: Kingsborough CC: Temporary Building #6 | C124: 2105 Oriental Blvd | D124: Brooklyn | E124: 11235 | F124: 48 | G124: 12071 | H124: Poor | I124: Unknown | J124: Not Solar-Ready | L124: No | M124: 2024 | N124: 3397339 | O124: 3087600060 | P124: 40.578119 | Q124: -73.93269
A125: CUNY | B125: Bronx CC: Snow Hall | C125: 135 Hall of Fame Ter | D125: Bronx | E125: 10453 | F125: 14 | G125: 10526 | H125: Poor | I125: Unknown | J125: Not Solar-Ready | L125: Yes | M125: 2024 | N125: 2014903 | O125: 2032240001 | P125: 40.858577 | Q125: -73.910499
A126: CUNY | B126: Bronx CC: Loew Annex | C126: 2085 University Ave | D126: Bronx | E126: 10453 | F126: 14 | G126: 10397 | H126: Poor | I126: Unknown | J126: Not Solar-Ready | L126: No | M126: 2024 | N126: 2097307 | O126: 2032220040 | P126: 40.856647 | Q126: -73.909934
A127: CUNY | B127: Queensborough CC: W Building | C127: 226-11 56th Ave | D127: Queens | E127: 11364 | F127: 23 | G127: 10243 | H127: Between Fair and Poor | I127: 20 years or more | J127: Not Solar-Ready | L127: No | M127: 2024 | N127: 4458074 | O127: 4074900002 | P127: 40.754529 | Q127: -73.754448
A128: CUNY | B128: Kingsborough CC: Temporary Building #3 | C128: 2055 Oriental Blvd | D128: Brooklyn | E128: 11235 | F128: 48 | G128: 10043 | H128: Poor | I128: Unknown | J128: Not Solar-Ready | L128: No | M128: 2024 | N128: 3397341 | O128: 3087600060 | P128: 40.578103 | Q128: -73.933561
A129: CUNY | B129: Kingsborough CC: Leon M. Goldstein High School (K535) | C129: 1830 Shore Blvd | D129: Brooklyn | E129: 11235 | F129: 48 | G129: 0 | H129: Unknown | I129: 20 years or more | J129: Not Solar-Ready | L129: No | M129: 2024 | N129: 3326938 | O129: 3087600050 | P129: 40.580894 | Q129: -73.935952
A130: CUNY | B130: BMCC (Borough of Manhattan Community College) | C130: 199 Chambers St | D130: Manhattan | E130: 10007 | F130: 1 | J130: Completed | L130: No | M130: 2024 | N130: 1066406 | O130: 1001420050 | P130: 40.716838 | Q130: -74.012117
A131: DCAS | B131: Manhattan Municipal Building | C131: 1 Centre St | D131: Manhattan | E131: 10007 | F131: 1 | G131: 1070800 | H131: Good | I131: 15 to 19 years | J131: Not Solar-Ready | L131: Yes | M131: 2024 | N131: 1001394 | O131: 1001210001 | P131: 40.713001 | Q131: -74.004181
A132: DCAS | B132: Manhattan Criminal Court | C132: 100 Centre St | D132: Manhattan | E132: 10013 | F132: 1 | G132: 795700 | H132: Fair | I132: 20 years or more | J132: Not Solar-Ready | K132: Plans for Cool Roof | L132: Yes | M132: 2024 | N132: 1079000 | O132: 1001670001 | P132: 40.716084 | Q132: -74.001425
...

Sheet Summary by Agency
A1: Agency | B1: # Buildings | C1: Total Gross Sq Ft
A2: ACS | B2: =COUNTIF(Buildings!$A$2:$A$2548,A2) -> 15 | C2: =SUMIF(Buildings!$A$2:$A$2548,A2,Buildings!$G$2:$G$2548) -> 737289
A3: BPL | B3: =COUNTIF(Buildings!$A$2:$A$2548,A3) -> 37 | C3: =SUMIF(Buildings!$A$2:$A$2548,A3,Buildings!$G$2:$G$2548) -> 870298
A4: CIG | B4: =COUNTIF(Buildings!$A$2:$A$2548,A4) -> 1 | C4: =SUMIF(Buildings!$A$2:$A$2548,A4,Buildings!$G$2:$G$2548) -> 13457
A5: CIG > BKM | B5: =COUNTIF(Buildings!$A$2:$A$2548,A5) -> 1 | C5: =SUMIF(Buildings!$A$2:$A$2548,A5,Buildings!$G$2:$G$2548) -> 0
A6: CIG > LCPA | B6: =COUNTIF(Buildings!$A$2:$A$2548,A6) -> 1 | C6: =SUMIF(Buildings!$A$2:$A$2548,A6,Buildings!$G$2:$G$2548) -> 0
A7: CIG > QBG | B7: =COUNTIF(Buildings!$A$2:$A$2548,A7) -> 1 | C7: =SUMIF(Buildings!$A$2:$A$2548,A7,Buildings!$G$2:$G$2548) -> 0
A8: CUNY | B8: =COUNTIF(Buildings!$A$2:$A$2548,A8) -> 73 | C8: =SUMIF(Buildings!$A$2:$A$2548,A8,Buildings!$G$2:$G$2548) -> 6518849
A9: DCAS | B9: =COUNTIF(Buildings!$A$2:$A$2548,A9) -> 54 | C9: =SUMIF(Buildings!$A$2:$A$2548,A9,Buildings!$G$2:$G$2548) -> 11155075
A10: DCAS > NA | B10: =COUNTIF(Buildings!$A$2:$A$2548,A10) -> 1 | C10: =SUMIF(Buildings!$A$2:$A$2548,A10,Buildings!$G$2:$G$2548) -> 0
A11: DCLA | B11: =COUNTIF(Buildings!$A$2:$A$2548,A11) -> 64 | C11: =SUMIF(Buildings!$A$2:$A$2548,A11,Buildings!$G$2:$G$2548) -> 2496627
A12: DEP | B12: =COUNTIF(Buildings!$A$2:$A$2548,A12) -> 50 | C12: =SUMIF(Buildings!$A$2:$A$2548,A12,Buildings!$G$2:$G$2548) -> 170841
A13: DEP > BPS | B13: =COUNTIF(Buildings!$A$2:$A$2548,A13) -> 2 | C13: =SUMIF(Buildings!$A$2:$A$2548,A13,Buildings!$G$2:$G$2548) -> 31900
... A36: SUNY | B36: =COUNTIF(Buildings!$A$2:$A$2548,A36) -> 2 | C36: =SUMIF(Buildings!$A$2:$A$2548,A36,Buildings!$G$2:$G$2548) -> 0
A37: TOTAL | B37: =SUM(B2:B36) -> 2547 | C37: =SUM(C2:C36) -> 1.9614467e+08

Sheet Source & Notes
A1: Source: NYC Open Data, 'City of New York Municipal Solar-Readiness Assessment (Local Law 24 of 2016) data', dataset cfz5-6fvh, https://data.cityofnewyork.us/d/cfz5-6fvh
A2: Pulled: 2026-09-02 via Socrata API. Publisher: DCAS Division of Energy Management.
A3: Scope: all City-owned buildings over 10,000 gross sq ft that DCAS is required to assess under LL24 (report years 2020, 2022, 2024).
A4: Dedup: one row per building (by BIN; by site+address where BIN missing), keeping the most recent report year.
A5: Row counts: 6,765 raw rows -> 2547 unique buildings (2268 from 2024 report; remainder appear only in 2020/2022).
A6: Gross Sq Ft blank = not reported in the source. Roof/solar fields are DCAS assessment values, not INOVUES data.
